{
  "project_info": {
    "project_number": "837049793234",
    "project_id": "android-video-call-69aa4",
    "storage_bucket": "android-video-call-69aa4.appspot.com"
  },
  "client": [
    {
      "client_info": {
        "mobilesdk_app_id": "1:837049793234:android:0bb0ccb0e7c3cad9fa8b0b",
        "android_client_info": {
          "package_name": "com.umkc.videocallapp"
        }
      },
      "oauth_client": [
        {
          "client_id": "837049793234-g6co74c75997g7ku4siuv43bitgc34i7.apps.googleusercontent.com",
          "client_type": 3
        }
      ],
      "api_key": [
        {
          "current_key": "AIzaSyD2PU9974qfmLkJ3Jlf1h6vdkYf7GZN390"
        }
      ],
      "services": {
        "appinvite_service": {
          "other_platform_oauth_client": [
            {
              "client_id": "837049793234-g6co74c75997g7ku4siuv43bitgc34i7.apps.googleusercontent.com",
              "client_type": 3
            }
          ]
        }
      }
    }
  ],
  "configuration_version": "1"
}